nome;cpf
Breno Rafael Davi Viana;315.473.550-00
Nicole Beatriz Evelyn Moreira;206.389.090-07
Antonella Isadora Rosângela Pires;147.427.422-65
Caleb Cláudio Almada;018.005.660-34
Stella Luzia dos Santos;380.949.975-75
Oliver Edson Luan Vieira;897.043.567-06
Márcio Miguel Mendes;284.613.278-02
Luiza Maitê Pereira;491.770.754-47
Liz Carolina Fátima da Conceição;262.578.938-79
Raimundo Fábio Yago da Mota;262.578.938-79
André Bryan Porto;611.740.943-54
Tereza Simone Luana Gonçalves;242.140.857-10
Rebeca Simone Moura;221.868.291-50
Laura Rafaela Julia das Neves;554.528.324-24
Renan Vitor Marcelo da Costa;046.680.966-28
Roberto Diego Santos;312.840.078-47
Catarina Vera Maya Moura;529.117.748-92
Lúcia Sônia Rezende;635.837.649-78
Pedro Gabriel Sebastião Drumond;339.591.179-90
Larissa Isadora Manuela Jesus;087.965.561-53
Elias Lucas Benício Araújo;754.002.397-06
Betina Teresinha Brito;654.201.726-74
Tiago André Novaes;411.648.352-46
Guilherme Daniel Thiago da Rocha;425.137.325-10
